Job ID,Job URL,Job Title,Company Name,Status,Timestamp,WP ID
7217cee32f797be5,https://sd.linkedin.com/jobs/view/finance-officer-p-2-temporary-position-south-sudan-6-months-juba-south-sudan-%2300137901-at-unicef-4436776045,"Finance Officer, P-2, Temporary Position, South Sudan, 6 months, Juba, South Sudan, #00137901",اليونيسف,posted,2026-07-08T21:22:23.884217,31
f77f6fc52312ff57,https://sd.linkedin.com/jobs/view/nutrition-officer-no-3-ft-%23128678-center-area-sudan-esar-at-unicef-4437411918,"Nutrition Officer, NO-3, FT, #128678, Center Area, Sudan, ESAR",اليونيسف,posted,2026-07-08T21:22:34.291552,33
fe3770f524be3193,https://sd.linkedin.com/jobs/view/lead-mechanical-engineer-at-unops-4432700739,Lead Mechanical Engineer,UNOPS,posted,2026-07-08T21:22:50.165041,35
5ade3847ac43b82f,https://sd.linkedin.com/jobs/view/emergency-specialist-p-3-fixed-term-position-sudan-kosti-sudan-%2300136830-at-unicef-4437161573,"Emergency Specialist, P-3, Fixed Term Position, Sudan, Kosti, Sudan, #00136830",اليونيسف,posted,2026-07-08T21:22:59.842893,37
46b161e9fe474c9f,https://sd.linkedin.com/jobs/view/communications-analyst-at-undp-careers-4437114083,Communications Analyst,UNDP Careers,posted,2026-07-08T21:23:09.949768,39
ec67bc39465e0bd3,https://sd.linkedin.com/jobs/view/head-of-programme-support-unit-sudan-at-norwegian-refugee-council-4436361622,Head of Programme Support Unit Sudan,,scraped,2026-07-08T21:23:12.367785,
5f8284a0af958290,https://sd.linkedin.com/jobs/view/area-manager-north-darfur-2025793-at-world-relief-4433111118,Area Manager - North Darfur (2025793),World Relief,posted,2026-07-08T21:23:27.594729,41
9ad213bfd6388565,https://sd.linkedin.com/jobs/view/lead-biomedical-engineer-at-unops-4433112760,Lead Biomedical Engineer,UNOPS,posted,2026-07-08T21:23:42.868254,43
8c7818bdd30c4b3e,https://sd.linkedin.com/jobs/view/readvertised-gbv-team-leader-case-management-and-pss-at-danish-refugee-council-dansk-flygtningehj%C3%A6lp-4435441068,Readvertised GBV Team Leader (Case management and PSS),,scraped,2026-07-08T21:23:45.226202,
70fcb8a1f11cde4c,https://sd.linkedin.com/jobs/view/investigation-officer-at-save-the-children-international-4437823577,Investigation Officer,Save the Children International,posted,2026-07-08T21:24:03.085269,45
d3dc8a86b7727239,https://sd.linkedin.com/jobs/view/lead-electrical-engineer-at-unops-4433983362,Lead Electrical Engineer,UNOPS,posted,2026-07-08T21:24:17.921017,47
44cdde701c81ce0b,https://sd.linkedin.com/jobs/view/international-donor-reporting-and-proposal-writing-consultancy-services-wash-section-7-months-khartoum-sudan-internationals-only-home-based-%23-594179-at-unicef-4436121568,"International Donor Reporting and Proposal Writing Consultancy services, WASH section, 7 months, Khartoum, Sudan (Internationals only) Home-based # 594179",اليونيسف,posted,2026-07-08T21:24:28.512746,49
13e7ac5d59d12834,https://sd.linkedin.com/jobs/view/mental-health-technical-advisor-lebanon-beirut-service-agreement-at-relief-international-4438211183,Mental Health Technical Advisor - Lebanon - Beirut - Service Agreement,Relief International,posted,2026-07-09T10:34:13.948828,51
49946b4405bf299f,https://sd.linkedin.com/jobs/view/pharmacist-part-time-lebanon-beirut-at-relief-international-4437765965,Pharmacist - Part Time - Lebanon - Beirut,Relief International,posted,2026-07-09T10:34:24.099388,53
531c3955140443b2,https://sd.linkedin.com/jobs/view/meal-information-management-im-coordinator-at-danish-refugee-council-dansk-flygtningehj%C3%A6lp-4436225402,MEAL & Information Management (IM) Coordinator,,scraped,2026-07-09T10:34:30.565035,
c9309f45f6137fa5,https://sd.linkedin.com/jobs/view/consultant-at-international-medical-corps-4438640961,Consultant,International Medical Corps,posted,2026-07-09T18:27:41.846650,55
0db6269a503e301c,https://sd.linkedin.com/jobs/view/founder-4433902315,Founder,A.W FOR LEGAL CONSULTANTS,posted,2026-07-09T18:27:52.081055,57
a0704ef7bc0fb102,https://sd.linkedin.com/jobs/view/communications-analyst-at-international-civil-aviation-organization-4438148934,Communications Analyst,International Civil Aviation Organization,posted,2026-07-09T18:28:02.385301,39
9029d8e2e8e63c9a,https://sd.linkedin.com/jobs/view/admin-assistant-at-save-the-children-international-4438665625,Admin Assistant,Save the Children International,posted,2026-07-09T18:28:22.291254,59
b519554be680ff78,https://sd.linkedin.com/jobs/view/senior-programme-support-associate-at-iom-un-migration-4437114613,Senior Programme Support Associate,IOM - UN Migration,posted,2026-07-09T18:28:38.227048,61
1f26f3e6d47a55ca,https://sd.linkedin.com/jobs/view/medical-sales-representative-4434844350,Medical Sales Representative,Al Juman Pharma Co.ltd,posted,2026-07-09T23:54:48.053821,63
5663cff55276cae1,https://sd.linkedin.com/jobs/view/doctor-surgeon-at-specialized-clinic-4434839197,Doctor surgeon,Specialized Clinic,posted,2026-07-09T23:54:58.621156,65
e79d3b386903b432,https://sd.linkedin.com/jobs/view/application-for-employment-at-mettest-4439000152,Application for Employment,,scraped,2026-07-10T11:23:46.282046,
de1ca21d122c2182,https://sd.linkedin.com/jobs/view/application-for-employment-at-mettest-4438885843,Application for Employment,,scraped,2026-07-10T11:23:56.700987,
8ecaf58a2d2ca142,https://sd.linkedin.com/jobs/view/home-health-aide-at-central-star-home-health-services-4438338713,Home Health Aide,Central Star Home Health Services,posted,2026-07-10T18:09:30.638088,67
6114c241308d9cbd,https://sd.linkedin.com/jobs/view/community-mobilizer-cm-vacany-based-in-damazin-at-addition-for-disasters-assistance-and-development-4434889539,Community Mobilizer (CM) Vacany (Based in Damazin),,scraped,2026-07-10T18:09:35.006667,
ef9b2370ae651fd4,https://sd.linkedin.com/jobs/view/veikala-p%C4%81rdev%C4%93ju-street-food-darbinieku-at-lido-as-4439060496,Veikala pārdevēju (street food darbinieku),LIDO AS,posted,2026-07-10T18:09:53.669984,69
01cd324632fbae39,https://sd.linkedin.com/jobs/view/development-of-pac-guideline-training-package-and-service-register-sudan-at-sudan-family-planning-association-4435912142,"Development of PAC Guideline, Training Package, and Service Register - Sudan",Sudan Family Planning Association,posted,2026-07-10T18:10:04.633824,71
2c070c3114849f04,https://sd.linkedin.com/jobs/view/angular-developer-at-technostripe-solutions-4439002444,ANGULAR DEVELOPER,,scraped,2026-07-10T18:10:06.993199,
d765553b3b8e9723,https://sd.linkedin.com/jobs/view/senior-sexual-reproductive-health-srh-manager-at-international-rescue-committee-4434763138,Senior Sexual Reproductive Health (SRH) Manager,International Rescue Committee,posted,2026-07-10T18:10:24.513190,73
b1a622eb2c0ff3dd,https://sd.linkedin.com/jobs/view/accountant-at-turkish-airlines-4397924047,Accountant,Turkish Airlines,posted,2026-07-10T23:33:34.968030,75
f63b5947d9a4ed2d,https://sd.linkedin.com/jobs/view/new-car-sales-manager-at-stellantis-you-uk-4438318420,New Car Sales Manager,,scraped,2026-07-10T23:33:39.269025,
e1f15d6436aa47ce,https://sd.linkedin.com/jobs/view/volunteer-speaker-remote-at-medical-research-society-mrs-4438263600,Volunteer Speaker (Remote),Medical Research Society_MRS,posted,2026-07-11T07:23:21.446053,77
c5356247937257ce,https://sd.linkedin.com/jobs/view/personal-care-aide-at-central-star-home-health-services-4438905943,Personal Care Aide,Central Star Home Health Services,posted,2026-07-11T11:33:38.367721,79
53053e4193bc4e93,https://sd.linkedin.com/jobs/view/marketing-at-loyaltyloop-4438920422,Marketing,LoyaltyLoop,posted,2026-07-11T11:33:54.767617,81
402c1e57084f8419,https://sd.linkedin.com/jobs/view/regional-business-manager-central-at-heartflow-4436234932,Regional Business Manager - Central,Heartflow,posted,2026-07-11T11:34:14.296890,83
de8231cde1d785ee,https://sd.linkedin.com/jobs/view/consultant-hospital-services-evaluation-at-international-medical-corps-4438640961,Consultant-Hospital Services Evaluation,International Medical Corps,posted,2026-07-11T11:34:29.906124,85
f81446b78c74bcc0,https://sd.linkedin.com/jobs/view/mitarbeitende-f%C3%BCr-nachtdienste-m-d-w-at-basisundwoge-e-v-4439540284,Mitarbeitende für Nachtdienste (m/d/w),basisundwoge e.V.,posted,2026-07-11T11:34:46.078931,87
d63697c4ec43cc7c,https://sd.linkedin.com/jobs/view/angular-developer-at-technostripe-solutions-4439551341,ANGULAR DEVELOPER,Technostripe Solutions,posted,2026-07-11T11:35:37.113199,89
6f8f0ae95e541c80,https://sd.linkedin.com/jobs/view/business-development-executive-at-edusynk-4439096097,Business Development Executive,,scraped,2026-07-11T15:33:46.926752,
ba533525b707075f,https://sd.linkedin.com/jobs/view/freight-forwarder-at-rapid-response-services-rrs-4436660627,Freight Forwarder,Rapid Response Services (RRS),posted,2026-07-11T15:34:23.630777,91
923697ed5e3cec8a,https://sd.linkedin.com/jobs/view/communications-consultant-at-adeso-4433949854,Communications Consultant,,scraped,2026-07-11T20:58:32.658950,
718f2a56df412cd0,https://sd.linkedin.com/jobs/view/certified-nursing-assistant-cna-at-central-star-home-health-services-4438348384,Certified Nursing Assistant (CNA),Central Star Home Health Services,posted,2026-07-11T20:58:58.422689,93
b10af4b9ebcd772f,https://sd.linkedin.com/jobs/view/senior-customer-advisor-at-stellantis-you-uk-4438997358,Senior Customer Advisor,,scraped,2026-07-13T12:43:28.989208,
60c8a73a6e435ce1,https://sd.linkedin.com/jobs/view/personal-care-aide-at-central-star-home-health-services-4439141458,Personal Care Aide,Central Star Home Health Services,posted,2026-07-13T12:43:46.382403,79
cf4d3a4c3ef4e936,https://sd.linkedin.com/jobs/view/cash-market-specialist-at-international-committee-of-the-red-cross-icrc-4437249583,Cash & Market Specialist,,scraped,2026-07-13T12:43:54.853148,
99bd18dc0cdf7c5d,https://sd.linkedin.com/jobs/view/join-our-loneliness-study-at-generation-scotland-4440002199,Join Our Loneliness Study,,scraped,2026-07-13T12:44:10.519428,
be9676be97e11ab3,https://sd.linkedin.com/jobs/view/supply-logistics-officer-no-1-ft-%2300136839-sudan-kosti-esar-at-unicef-4441214485,"Supply & Logistics Officer, NO-1, FT, #00136839, Sudan, Kosti - ESAR",اليونيسف,posted,2026-07-20T12:06:22.897418,95
0c64831cc7c170b6,https://sd.linkedin.com/jobs/view/senior-driver-at-world-health-organization-4441610729,Senior Driver,,scraped,2026-07-20T12:06:25.524935,
7031c3535e48837d,https://sd.linkedin.com/jobs/view/meal-assistant-%E2%80%93-lebanon-beirut-%E2%80%93-part-time-national-at-relief-international-4441460480,MEAL Assistant – Lebanon - Beirut – Part time - National,Relief International,posted,2026-07-20T12:06:38.990151,97
4e0d8f7b53baffdf,https://sd.linkedin.com/jobs/view/country-director-lebanon-at-relief-international-4441454712,Country Director - Lebanon,Relief International,posted,2026-07-20T12:06:48.481396,99
d4d69115b7379074,https://sd.linkedin.com/jobs/view/senior-customer-advisor-at-stellantis-you-uk-4441380973,Senior Customer Advisor,,scraped,2026-07-20T12:06:51.038216,
06ed95a26700b4ac,https://sd.linkedin.com/jobs/view/new-car-sales-manager-at-stellantis-you-uk-4441138481,New Car Sales Manager,,scraped,2026-07-20T12:06:58.122917,
af48f0c0b21a3cb7,https://sd.linkedin.com/jobs/view/virgin-trains-at-mr-pape-4442575429,Virgin Trains,,scraped,2026-07-20T12:07:05.210662,
10b8ac4f32d71992,https://sd.linkedin.com/jobs/view/hr-officer-at-international-committee-of-the-red-cross-icrc-4439201381,HR Officer,,scraped,2026-07-20T12:07:13.750698,
b1ada85a69972164,https://sd.linkedin.com/jobs/view/community-engagement-officer-at-danish-refugee-council-dansk-flygtningehj%C3%A6lp-4441310692,Community Engagement Officer,,scraped,2026-07-20T12:07:21.944424,
d5b8093d4e056d08,https://sd.linkedin.com/jobs/view/coordinator-of-membership-records-at-greek-housing-management-4441437918,Coordinator of Membership & Records,Greek Housing Management,posted,2026-07-20T12:07:36.038015,101
e60e9ca0ddc900c3,https://sd.linkedin.com/jobs/view/full-stack-developer-at-hiretalentt-4441739690,Full stack developer,HireTalentt,posted,2026-07-20T12:07:45.233307,103
8148b845ae7f22dc,https://sd.linkedin.com/jobs/view/field-team-leaders-%E2%80%93-sudan-at-research-analytics-international-inc-4439690132,Field Team Leaders – Sudan,,scraped,2026-07-20T12:07:47.850298,
9605a81ab35055e1,https://sd.linkedin.com/jobs/view/head-of-programme-development-at-save-the-children-international-4439755077,Head of Programme Development,,scraped,2026-07-20T12:07:53.902498,
b4b136dd78a8d982,https://sd.linkedin.com/jobs/view/supply-chain-coordinator-zalingei-central-darfur-contract-ending-on-january-2027-at-international-rescue-committee-4422663527,"Supply Chain Coordinator - Zalingei, Central Darfur (Contract ending on January 2027)",International Rescue Committee,posted,2026-07-20T12:08:08.009443,105
cbc082fb252113a7,https://sd.linkedin.com/jobs/view/national-programme-support-consultant-at-united-nations-population-fund-unfpa-4439870569,National Programme Support Consultant,United Nations Population Fund (UNFPA),posted,2026-07-20T12:08:17.325175,107
9301de4c4cc51bea,https://sd.linkedin.com/jobs/view/country-director-at-goal-global-4440942614,Country Director,,scraped,2026-07-20T12:08:19.815274,
2d8c91c9e9777d5f,https://sd.linkedin.com/jobs/view/bakery-manager-4440080013,Bakery Manager,Tilian multi activities company,posted,2026-07-20T12:08:32.217586,109
dae58d8baada8253,https://sd.linkedin.com/jobs/view/program-associate-at-international-advisory-products-and-systems-i-aps-4435649021,Program Associate,"International Advisory, Products and Systems (i-APS)",posted,2026-07-20T12:08:41.775044,111
02555a35803a2ac8,https://sd.linkedin.com/jobs/view/amari-thomas-at-go-voices-4445901228,Amari Thomas,Go Voices,posted,2026-07-27T13:31:24.571376,113
e22df00ebad7ec76,https://sd.linkedin.com/jobs/view/vanessa-barajas-at-international-institute-of-existential-humanistic-psychology-4442345045,Vanessa Barajas,,scraped,2026-07-27T13:31:26.940297,
b10da3af7abff953,https://sd.linkedin.com/jobs/view/alicyn-packard-at-go-voices-4445923099,Alicyn Packard,Go Voices,posted,2026-07-27T13:31:39.926539,115
d1b2be21b385396d,https://sd.linkedin.com/jobs/view/recruitment-data-science-consultant-intito-oy-at-suomen-operaatiotutkimusseura-ry-fors-4444802852,"Recruitment: Data Science Consultant, Intito Oy",Suomen Operaatiotutkimusseura ry (FORS),posted,2026-07-27T13:31:49.007061,117
5d4ba3cec6e94e24,https://sd.linkedin.com/jobs/view/become-a-member-at-climate-action-nurses-4443444778,BECOME A MEMBER,Climate Action Nurses,posted,2026-07-27T13:31:58.380131,119
23816b2968d3d038,https://sd.linkedin.com/jobs/view/executive-assistant-chair-at-altonimbus-entertainment-4445645655,"Executive Assistant, Chair",ALTONIMBUS ENTERTAINMENT,posted,2026-07-27T13:32:08.464011,121
49ea3c370838e95a,https://sd.linkedin.com/jobs/view/re-advertisement-information-management-specialist-no-3-ft-%2300104741-khartoum-national-team-sudan-mena-at-unicef-4445925103,"Re-Advertisement: Information Management Specialist, NO-3, FT, #00104741, Khartoum, National Team, Sudan - MENA",اليونيسف,posted,2026-07-27T13:32:17.807288,123
cc463b73ade0a1f1,https://sd.linkedin.com/jobs/view/konstrukt%C3%B6r-till-hagab-at-the-hamrin-foundation-4442973259,Konstruktör till Hagab,,scraped,2026-07-27T13:32:22.150277,
ee96e4092ae97fb8,https://sd.linkedin.com/jobs/view/field-accountant-at-samaritan-s-purse-4444705278,Field Accountant,Samaritan's Purse,posted,2026-07-27T13:32:35.888608,125
e27ccedbc1a4ef95,https://sd.linkedin.com/jobs/view/setter-and-or-closer-at-biz-leadz-4445005562,Setter / and or Closer,,scraped,2026-08-03T13:32:40.301204,
545a04b840bfab7f,https://sd.linkedin.com/jobs/view/timing-matters-and-service-structure-at-amg-logistics-viet-nam-4446399179,TIMING MATTERS and SERVICE STRUCTURE,,scraped,2026-08-03T13:32:46.486472,
f40be2e34e3a253c,https://sd.linkedin.com/jobs/view/employment-contract-at-law-365-4447881378,Employment Contract,,scraped,2026-08-03T13:32:55.116575,
d8c44690e58abc0e,https://sd.linkedin.com/jobs/view/maryam-antonini-soumar%C3%A9-at-ms-represents-4447926624,MARYAM ANTONINI-SOUMARé,,scraped,2026-08-03T13:33:01.096671,
e506afd8b10caf54,https://sd.linkedin.com/jobs/view/operations-technician-at-world-health-organization-4447893392,Operations Technician,,scraped,2026-08-03T13:33:08.025101,
68fdd670bca5a075,https://sd.linkedin.com/jobs/view/ict-technician-at-papagayo-cura%C3%A7ao-4443244763,ICT Technician,Papagayo Curaçao,posted,2026-08-03T13:33:23.172749,127
4c3b9bb8c76c5f68,https://sd.linkedin.com/jobs/view/wash-officer-p2-ft-port-sudan-sudan-esar-at-unicef-4447055240,"WASH Officer, P2, FT, Port Sudan, Sudan - ESAR",اليونيسف,posted,2026-08-03T13:33:33.512602,129
d42e70d45990df18,https://sd.linkedin.com/jobs/view/%D8%B1%D8%AD%D9%84%D8%AA%D9%8A-%D9%82%D8%B5%D8%A9-%D8%AA%D8%B3%D8%AA%D8%AD%D9%82-%D8%A3%D9%86-%D8%AA%D8%AE%D9%84%D8%AF-at-%D9%82%D8%B5%D8%AA%D9%8A-4445593892,رحلتي قصة تستحق أن تخلد,قصتي,posted,2026-08-03T13:33:42.518899,131
438d9a09581ca32b,https://sd.linkedin.com/jobs/view/wash-specialist-p-3-ft-port-sudan-sudan-esar-at-unicef-4447047297,"WASH Specialist, P-3, FT, Port Sudan, Sudan - ESAR",اليونيسف,posted,2026-08-03T13:33:52.121293,133
ac8e8e92de05797d,https://sd.linkedin.com/jobs/view/financial-advisors-sales-executives-at-cytonn-asset-managers-4447695622,FINANCIAL ADVISORS (SALES EXECUTIVES),,scraped,2026-08-03T13:33:54.462621,
217f9d264602491b,https://sd.linkedin.com/jobs/view/country-finance-manager-sudan-at-handicap-international-humanity-inclusion-4447536067,Country Finance Manager - Sudan,,scraped,2026-08-03T13:34:01.381695,
301d0b8767570024,https://sd.linkedin.com/jobs/view/korean-english-translator-animal-biochemistry-at-cactus-communications-4404171716,Korean <> English Translator - Animal Biochemistry,,scraped,2026-08-03T13:34:14.182492,
20f802ec91caf0d6,https://sd.linkedin.com/jobs/view/wash-specialist-p-3-ft-sudan-port-sudan-esar-at-unicef-4447053253,"WASH Specialist, P-3, FT, Sudan, Port Sudan - ESAR",اليونيسف,posted,2026-08-03T13:34:28.781030,135
bc2f85dc5f06d225,https://sd.linkedin.com/jobs/view/senior-finance-lead-at-international-rescue-committee-4446111842,Senior Finance Lead,International Rescue Committee,posted,2026-08-03T13:34:38.220322,137
12671311d8d99f9a,https://sd.linkedin.com/jobs/view/apprentice-customer-advisor-at-stellantis-you-uk-4447641101,Apprentice Customer Advisor,,scraped,2026-08-03T13:34:40.599276,
924cd8ad059bdea8,https://sd.linkedin.com/jobs/view/apprentice-vehicle-technician-at-stellantis-you-uk-4447643050,Apprentice Vehicle Technician,,scraped,2026-08-03T13:34:47.609003,
16bdc3729980d6b9,https://sd.linkedin.com/jobs/view/staff-positions-at-university-of-texas-at-austin-housing-and-dining-4450653885,Staff Positions,University of Texas at Austin - Housing and Dining,posted,2026-08-10T08:57:57.617087,139
e945ba8b00fb1572,https://sd.linkedin.com/jobs/view/eirik-svendsen-at-the-impact-platform-tip-4449484394,Eirik Svendsen,The Impact Platform (TIP),posted,2026-08-10T08:58:08.475826,141
d073220c6d8cee88,https://sd.linkedin.com/jobs/view/working-at-bsa-at-broadcasting-standards-authority-te-mana-whanonga-kaip%C4%81ho-4451364161,Working at BSA,,scraped,2026-08-10T08:58:10.800108,
89ae53341e5dc482,https://sd.linkedin.com/jobs/view/ad-performance-at-affiliate-website-pros-4449640428,Ad Performance,Affiliate Website Pros,posted,2026-08-10T08:58:28.324886,143
905b3e216c4d56be,https://sd.linkedin.com/jobs/view/beik-%0A-%0A-verified-listing-at-oleng-ee-4449468518,"beik                                    
                        
                        Verified listing",Oleng.ee,posted,2026-08-10T08:58:38.222184,145
6fbea2644eb4e84e,https://sd.linkedin.com/jobs/view/executive-search-at-cipherstone-ventures-4449006845,Executive Search,CipherStone Ventures,posted,2026-08-10T08:58:48.339228,147
3e6a349211eb20d6,https://sd.linkedin.com/jobs/view/our-four-pillars-of-expertise-at-prime-uk-education-4448710899,Our Four Pillars of Expertise,,scraped,2026-08-10T08:58:50.682933,
65075bec2f098909,https://sd.linkedin.com/jobs/view/dive-resort-beachfront-hotel-at-as-home-asset-partners-4448567528,Dive resort & beachfront hotel,As-home Asset Partners,posted,2026-08-10T08:59:05.441234,149
b5ad7b00bef17719,https://sd.linkedin.com/jobs/view/kausik-%0A-%0A-verified-listing-at-oleng-ee-4449452919,"KAUSIK                                    
                        
                        Verified listing",Oleng.ee,posted,2026-08-10T08:59:16.237847,151
d2600d86bd5c2a3c,https://sd.linkedin.com/jobs/view/career-exploration-and-planning-tools-at-the-university-of-kansas-school-of-business-4448722004,Career exploration and planning tools,The University of Kansas School of Business,posted,2026-08-10T08:59:26.990600,153
ccfc155d3649454f,https://sd.linkedin.com/jobs/view/adventis-representative-at-adventis-4447347851,ADVENTIS REPRESENTATIVE,Adventis,posted,2026-08-10T08:59:36.960510,155
bc214f562d0870a1,https://sd.linkedin.com/jobs/view/workshop-manager-at-international-committee-of-the-red-cross-icrc-4448401244,Workshop Manager,,scraped,2026-08-10T08:59:39.454371,
3f28e319e937fc18,https://sd.linkedin.com/jobs/view/senior-software-engineer-backend-hybrid-at-hired-4451338571,Senior Software Engineer - Backend (Hybrid),Hired,posted,2026-08-10T08:59:56.198219,157
7ec30e562d7ec0ab,https://sd.linkedin.com/jobs/view/certified-nursing-assistant-cna-at-extended-family-care-allentown-4448972179,Certified Nursing Assistant (CNA),Extended Family Care Allentown,posted,2026-08-10T09:00:00.915256,93
59321609e34257f3,https://sd.linkedin.com/jobs/view/ser-are-hiring-accounts-assistant-at-s-e-rentals-4447384082,SER ARE HIRING: ACCOUNTS ASSISTANT,,scraped,2026-08-10T09:00:03.277362,
4895fadadcad4640,https://sd.linkedin.com/jobs/view/sudan-ingo-forum-director-at-mercy-corps-4441647607,Sudan INGO Forum Director,Mercy Corps,posted,2026-08-10T09:00:21.300552,159
a57601da4abe4f52,https://sd.linkedin.com/jobs/view/%D9%83%D9%88%D8%A8%D9%88%D9%86-%D8%A3%D8%B1%D8%A8%D8%B9-%D8%BA%D8%B3%D9%84%D8%A7%D8%AA-%D9%85%D8%AA%D9%83%D8%A7%D9%85%D9%84%D8%A9-%D9%84%D9%84%D8%B3%D9%8A%D8%A7%D8%B1%D8%A9-at-pakgat-com-4449290673,كوبون أربع غسلات متكاملة للسيارة,Pakgat.com,posted,2026-08-10T09:00:32.181767,161
c5ee2da070ea9fe4,https://sd.linkedin.com/jobs/view/home-health-aide-at-extended-family-care-allentown-4448978065,Home Health Aide,Extended Family Care Allentown,posted,2026-08-10T09:00:36.854978,67
e8c4f7a544afc903,https://sd.linkedin.com/jobs/view/personal-care-aide-at-extended-family-care-allentown-4448968213,Personal Care Aide,Extended Family Care Allentown,posted,2026-08-10T09:00:41.738935,79
56b4107d1d13917d,https://sd.linkedin.com/jobs/view/liaison-officer-for-sudan-at-allied-talent-partners-4448839238,Liaison Officer for Sudan,,scraped,2026-08-10T09:00:44.192423,
00cf249c06dd9e87,https://sd.linkedin.com/jobs/view/operations-chair-at-independent-the-space-for-military-spouse-wellness-4451304261,Operations Chair,InDependent | The Space for Military Spouse Wellness,posted,2026-08-10T09:01:01.611049,163
bacf130cec70f92a,https://sd.linkedin.com/jobs/view/senior-odoo-erp-consultant-implementation-specialist-at-leader-technology-group-4448089228,Senior Odoo ERP Consultant / Implementation Specialist,,scraped,2026-08-10T09:01:04.065263,
5fc6908e27b0af5d,https://sd.linkedin.com/jobs/view/sales-team-leader-at-wealth-credit-plus-financial-consulting-4448184967,Sales Team Leader,Wealth Credit Plus Financial Consulting,posted,2026-08-10T09:01:20.837047,165
e22fee43c436799c,https://sd.linkedin.com/jobs/view/actor-casting-video-game-developer-ad-at-jones-juliet-casting-4450055906,Actor Casting-Video Game Developer AD,Jones &amp; Juliet Casting,posted,2026-08-10T09:01:31.424902,167
c0aab9eb8bac054a,https://sd.linkedin.com/jobs/view/%D9%85%D9%87%D9%86%D8%AF%D8%B3-%D8%B7%D8%A8%D9%8A-%E2%80%93-%D9%85%D8%B3%D8%AA%D8%B4%D9%81%D9%89-%D8%A7%D9%84%D8%B1%D9%88%D8%A7%D8%AF-%D8%A7%D9%84%D8%AA%D8%AE%D8%B5%D8%B5%D9%8A-at-for6a-for-jobs-4450397520,مهندس طبي – مستشفى الرواد التخصصي,,scraped,2026-08-10T09:01:33.850679,
c6b8f02401420af5,https://sd.linkedin.com/jobs/view/grants-management-coordinator-at-danish-refugee-council-dansk-flygtningehj%C3%A6lp-4452917830,Grants Management Coordinator,,scraped,2026-08-17T04:08:04.059251,
64d84dc2e34ef525,https://sd.linkedin.com/jobs/view/area-based-coordination-coordinator-sudan-at-care-4454029781,"AREA-BASED COORDINATION COORDINATOR, SUDAN",CARE,posted,2026-08-17T04:08:19.743727,169
3f750c57bf1d3f33,https://sd.linkedin.com/jobs/view/english-lecturer-4455134103,English Lecturer,Ministry of Education,posted,2026-08-17T04:08:26.787792,171
b1f35546faf31d6c,https://sd.linkedin.com/jobs/view/managing-partner-at-antal-international-4450820025,Managing Partner,,scraped,2026-08-17T04:08:29.436098,
a1dd2c354de57a46,https://sd.linkedin.com/jobs/view/programme-analyst-npsa-8-at-un-women-4451541748,Programme Analyst - NPSA 8,UN Women,posted,2026-08-17T04:08:42.100348,173
301c85bfc748672e,https://sd.linkedin.com/jobs/view/veikala-p%C4%81rdev%C4%93ju-street-food-darbinieku-at-lido-as-4452457617,Veikala pārdevēju (street food darbinieku),LIDO AS,posted,2026-08-17T04:08:50.577707,175
36d29536f7628a49,https://sd.linkedin.com/jobs/view/expert-en-communication-at-ntu-international-a-s-4454304167,Expert en communication,,scraped,2026-08-17T04:08:53.076670,
f449abb1eb2f313d,https://sd.linkedin.com/jobs/view/guest-house-assistant-at-un-volunteers-arab-states-4451668372,Guest House Assistant,,scraped,2026-08-17T04:09:00.259650,
66ef55920c02b3b1,https://sd.linkedin.com/jobs/view/expert-logistique-de-communication-at-ntu-international-a-s-4454320100,Expert logistique de communication,,scraped,2026-08-17T04:09:10.200416,
5eb075ae55e1f1f7,https://sd.linkedin.com/jobs/view/project-management-specialist-at-un-women-4450697737,Project Management Specialist,UN Women,posted,2026-08-17T04:09:23.627208,177
33ac6094952d2471,https://sd.linkedin.com/jobs/view/mod%C3%A9rateur-trice-et-facilitateur-trice-d%E2%80%99engagement-des-publics-at-ntu-international-a-s-4454304798,Modérateur/trice et facilitateur/trice d’engagement des publics,,scraped,2026-08-17T04:09:26.149105,
1bd0d880f0391bf2,https://sd.linkedin.com/jobs/view/expert-suivi-%C3%A9valuation-mesure-de-performance-communication-at-ntu-international-a-s-4453693073,Expert suivi-évaluation & mesure de performance communication,,scraped,2026-08-17T04:09:33.835642,
c2a34922ce897c0d,https://sd.linkedin.com/jobs/view/expert-%C3%A9v%C3%A9nementiel-logistique-at-ntu-international-a-s-4454094836,Expert événementiel & logistique,,scraped,2026-08-17T04:09:40.555181,
c99d2a6178c34f03,https://sd.linkedin.com/jobs/view/expert-digital-web-social-media-et-multiplicateurs-at-ntu-international-a-s-4454308243,"Expert digital, web, social media et multiplicateurs",,scraped,2026-08-17T04:09:47.490640,
eb25906a0e0c24da,https://sd.linkedin.com/jobs/view/traducteur-fr-ar-at-ntu-international-a-s-4454318031,Traducteur FR / AR,,scraped,2026-08-17T04:09:54.356414,
67368afa85751ed2,https://sd.linkedin.com/jobs/view/expert-en-analyse-donn%C3%A9es-perception-tests-de-messages-at-ntu-international-a-s-4454090393,"Expert en analyse données, perception & tests de messages",,scraped,2026-08-17T04:10:01.303312,
b351487095dc8719,https://sd.linkedin.com/jobs/view/directeur-artistique-at-ntu-international-a-s-4453679904,Directeur artistique,,scraped,2026-08-17T04:10:08.344219,
980cad22d65f1ab1,https://sd.linkedin.com/jobs/view/photographe-vid%C3%A9aste-r%C3%A9alisateur-at-ntu-international-a-s-4454315027,Photographe / vidéaste / réalisateur,,scraped,2026-08-17T04:10:15.119007,
bed37e8fac0ff124,https://sd.linkedin.com/jobs/view/expert-diplomatie-publique-culturelle-et-sportive-at-ntu-international-a-s-4454305823,"Expert diplomatie publique, culturelle et sportive",,scraped,2026-08-17T04:10:21.858281,
08f1b57ab5fad0c9,https://sd.linkedin.com/jobs/view/directeur-de-production-%C3%A9v%C3%A9nementiel-at-ntu-international-a-s-4453694009,Directeur de production événementiel,,scraped,2026-08-17T04:10:28.599559,
b51be9f90bbd4ab4,https://sd.linkedin.com/jobs/view/shop-supervisor-at-unitingcare-queensland-4452534528,Shop Supervisor,UnitingCare Queensland,posted,2026-08-24T04:11:43.865718,179
030f5acc7db6175c,https://sd.linkedin.com/jobs/view/ports-and-shipping-specialist-at-ntu-international-a-s-4455276552,Ports and Shipping Specialist,,scraped,2026-08-24T04:11:46.441688,
00d9a083709ec3b3,https://sd.linkedin.com/jobs/view/regional-finance-and-grant-coordinator-sudan-s-sudan-chad-at-care-4456184316,"REGIONAL FINANCE AND GRANT COORDINATOR (SUDAN, S.SUDAN & CHAD)",CARE,posted,2026-08-24T04:12:01.473892,181
acb91c97c1193398,https://sd.linkedin.com/jobs/view/program-manager-food-cash-assistance-at-world-vision-4454588210,"Program Manager, Food & Cash Assistance",,scraped,2026-08-24T04:12:03.874199,
8a815ed2d1eb1466,https://sd.linkedin.com/jobs/view/driver-at-intermountain-rigging-and-heavyhaul-4455378761,DRIVER,Intermountain Rigging and Heavyhaul,posted,2026-08-24T04:12:17.289447,183
969f86e46da66f6c,https://sd.linkedin.com/jobs/view/support-services-manager-at-unops-4453437437,Support Services Manager,,scraped,2026-08-24T04:12:19.833397,
1b9d91591cea93c0,https://sd.linkedin.com/jobs/view/railways-specialist-at-ntu-international-a-s-4455711224,Railways Specialist,,scraped,2026-08-24T04:12:27.320881,
5d0674b327a36380,https://sd.linkedin.com/jobs/view/coordinator-of-membership-records-at-greek-housing-management-4456185711,Coordinator of Membership & Records,Greek Housing Management,posted,2026-08-24T04:12:36.608513,101
aa3c15ea61b387aa,https://sd.linkedin.com/jobs/view/team-lead-at-international-rescue-committee-4446115881,Team Lead,International Rescue Committee,posted,2026-08-24T04:12:46.195299,185
bbd55961049191f5,https://sd.linkedin.com/jobs/view/senior-operations-manager-at-samaritan-s-purse-4455975973,Senior Operations Manager,Samaritan's Purse,posted,2026-08-24T04:12:55.801189,187
